,Tweets,Subjectivity,Polarity,Analysis,Facts
0,"Only one makes it through to The Final... who ya got?

Adelaide, you won't wanna miss this! Get your tickets now ğŸŸâ€¦ ",1.0,0.0,Neutral,Opinion
1,": Warne won 1 World Cup.
Warner won 2 World Cups.
Looking forward to seeing an Aussie kid named Warnest win 3 World Cups.â€¦",0.4,0.8,Positive,Neutral
2,_cricket: Rohit Sharma moves to Number 13 position in the latest ICC T20I Batting Rankings.,0.9,0.5,Positive,Opinion
3,16 is the number of teams that qualified for the finals of the FIFA World Cup from 1934 through 1978 (although forâ€¦ ,0.0,0.0,Neutral,Fact
4,A special coaching event organised by  and  held at Rydal Penrhos was hailed as a tremendoâ€¦ ,0.5714285714285714,0.35714285714285715,Positive,Neutral
5,__hassan: No ICC Cricket World Cup song can beat this. ,0.0,0.0,Neutral,Fact
6,": OTD in 1976.  3-0 . A team full of 1974 World Cup winners, Harold Schumacher &amp; Bundesliga calendar yearâ€¦",0.55,0.35,Positive,Neutral
7,Abu Dhabi T10 is in full-swing as the greatest go head-to-head to win the ultimate prize. Download Jazz Cricket toâ€¦ ,0.7999999999999999,0.6,Positive,Opinion
8,Ben Stokes made to wait as rain hits England's Ashes preparations Persistent rain saw play abandoned without a ballâ€¦ ,0.0,0.0,Neutral,Fact
9,"_Mystical:  I stopped watching these grown children a long time ago. LET ME ASK YOU.. WILL you die if cricket, movies VAâ€¦",0.4,-0.05,Negative,Neutral
10,: TRUEâœ…  contacted Roberto Mancini for the job as new manager. Mancini said NO âŒ he said it is his duty to qualify withâ€¦,0.45454545454545453,0.13636363636363635,Positive,Neutral
11,: Thank You Harsha for sharing this beautiful film. Loved the way the struggles and hardships of both the father and daughtâ€¦,0.9,0.7749999999999999,Positive,Opinion
12,": ğŸ‡®ğŸ‡³ THE GABBA VICTORY
[ A THREAD ]

Australia ğŸ‡¦ğŸ‡º hadn't lost a test match at Gabba since 1988
The main reason, it's pitch,â€¦",0.3333333333333333,0.16666666666666666,Positive,Neutral
13,": Former Indian cricket captain &amp; BJP MP Gautam Gambhir has received death threat from 'ISIS Kashmir'

Why terrorists are planninâ€¦",0.0,0.0,Neutral,Fact
14,The  play Latvia at _official's Keepmoat Stadium on Tuesday 30 November (kick off: 7.00pm) in a FIFAâ€¦ ,0.0,0.0,Neutral,Fact
15,": International centuries in the last 2 years since 24th November 2019. Cricket

1 - Yasir Shah (15 inns)
0 - Virat Kohâ€¦",0.03333333333333333,0.0,Neutral,Fact
16,: Two Norwegian journalists reporting in Qatar arrested â€” and released 36 hours later â€” while covering a year to go the Worldâ€¦,0.0,0.0,Neutral,Fact
17,"_althani: Qatar at night is beautiful ğŸ‡¶ğŸ‡¦

World Cup 2022 in Qatar ğŸ‡¶ğŸ‡¦ ",1.0,0.85,Positive,Opinion
18,Norway journalists arrested while working in World Cup host Qatar ,0.0,0.0,Neutral,Fact
19,"â€¢ Most Runs since 2020
       (Runs/Inn | Avg)     
     
B Azam ğŸ‡µğŸ‡°     2410 / 54 | 48.20
M Rizwan ğŸ‡µğŸ‡° 2114 / 55  |â€¦ ",0.5,0.5,Positive,Neutral
20,_Germany: Our T20 champions MSC Frankfurt will be representing the DCB at next yearâ€™s European Cricket League at  inâ€¦,0.0,0.0,Neutral,Fact
21,_cricket: Ajinkya Rahane confirms that Shreyas Iyer will making his Debut for India in Test Cricket on tommorow.,0.0,0.0,Neutral,Fact
22,Who won that series? I guess Pakistan ğŸ˜,0.0,0.0,Neutral,Fact
23,": OnThisDay in 2009

Umar Akmal, playing his first Test match, scored a brilliant century (129 off 160 balls) in the firâ€¦",0.6666666666666666,0.575,Positive,Neutral
24,"Let's call this what it is. The top pay-to-play cricketing institutions in the UK. 

It's a garbage system, massiveâ€¦ ",0.5,0.5,Positive,Neutral
25," Why post this same news again and again.
Cricket Australia literally begging for WIPL now",0.125,0.0,Neutral,Fact
26,": ğŸ‡®ğŸ‡³ THE GABBA VICTORY
[ A THREAD ]

Australia ğŸ‡¦ğŸ‡º hadn't lost a test match at Gabba since 1988
The main reason, it's pitch,â€¦",0.3333333333333333,0.16666666666666666,Positive,Neutral
27,_don_: Rohit Sharma moves to 13 rank in icc Men's T20i Ranking ,0.9,-0.8,Negative,Opinion
28,": Foreign LGBT+ football fans â€˜will be welcomeâ€™ in Qatar for WorldCup, English FA insists. But criticism mounts. Pride fâ€¦",0.3416666666666666,0.225,Positive,Neutral
29,Test match starts tomorrowwwww,0.0,0.0,Neutral,Fact
30,_Lage_Tumhe: This stare between Rahul Dravid and Shoaib Akhtar ğŸ”¥ğŸ¥µğŸ¥µ... Test cricket was at its best ... ,0.3,1.0,Positive,Neutral
31,": Highest % of team runs for India in Tests at Home:-
[min. 1500 runs]

17.4% Rohit Sharma
16.2% Virat Kohli
16.1% Virendeâ€¦",1.0,-0.75,Negative,Opinion
32,: Babar Azam remains at the top of the T20I Batting Rankings whilst Mohammad Rizwan has moved up to the number 4 positioâ€¦,0.5,0.5,Positive,Neutral
33,": â¡ï¸ICC rewarding Virat Kohli with biggest awards: 
ICC Men's Cricketer of the Decade
ICC Men's ODI Cricketer of the Decadeâ€¦",1.0,0.5,Positive,Opinion
34,": Presenting the most man of the series awards won in T20Is in a calendar year ğŸ™Œ

Mohammad Rizwan's tally of 3ï¸âƒ£ awards in 2021â€¦",0.5,0.5,Positive,Neutral
35,": Stereo Hearts Ã— Virat Kohli

Back to old times....
My hearts a stereo
It beats for you, so listen close
Virat Kohli as a captâ€¦",0.1,0.05,Positive,Fact
36,_venkat: Rohit Sharma to be blamed for this for not winning IPL this year! Thst prize money would hv helped Ambani..,0.75,-0.3125,Negative,Opinion
37,  congrats on winning the T20 WC 2021 in one match.... ola hu ubar,0.75,0.5,Positive,Opinion
38,South Africa A 488/7 * v India A Cricket,0.0,0.0,Neutral,Fact
39,Thank God you knocked 20 balls off the short format of the game and have a shitty local Radio DJ at Hundred matchesâ€¦ ,0.2333333333333333,-0.13333333333333333,Negative,Fact
40,"Backbone of Pakistan cricket ğŸ‡µğŸ‡°
BabarAzam PAKvBAN ",0.0,0.0,Neutral,Fact
41,"_00__0: Wow ğŸ˜± introducing the world's most powerful male Ejaculator â™¨ï¸ 

ğŸ‘ŒRelex your hand ...
ğŸ‘Œ Feeling amazing must try once get dâ€¦",0.7,0.3,Positive,Neutral
42,": Expected, was never leaving the European Champions 12 months before a World Cup! mufc",0.2,-0.05,Negative,Fact
43,    7-0 in world cup ğŸ˜‚,0.0,0.0,Neutral,Fact
44,"Theguardian:  Norwegian journalists reporting on World Cup workers arrested in Qatar
qatar football sport
 ",0.0,0.0,Neutral,Fact
45,": Highest Test Average at Home:-
[min. 1500 runs]

98.2: Don Bradman
79.5: Rohit Sharma

RohitSharma INDvNZ",0.7,-0.45,Negative,Neutral
46,": Kanpur's Green Park had the unique distinction of
hosting - India's 500th Test match on 22-26 Sept 2016 (against New Zeaâ€¦",0.5848484848484848,0.10378787878787878,Positive,Neutral
47,If true this needs investigation.,0.65,0.35,Positive,Neutral
48,": Looking sharp! ğŸ’¥

Pakistan cricket team preparations are underway as the national team prepares for the first Test matâ€¦",0.5416666666666666,0.046875,Positive,Neutral
49,: Mohammad Rizwan and his beloved pillow arrived earlier in Chattogram BANvPAK Cricket ,0.75,0.35,Positive,Opinion
50,Reliance to own a team in UAE-based T20Â league ,1.0,0.6,Positive,Opinion
51,": As India begin their title defence at Jr Hockey World Cup, we speak to yesteryear stars &amp; 2001 winners â€¦",0.0,0.0,Neutral,Fact
52,"_vohra Totally agreed, players should rest for T20â€™s rather than the Tests. Test is the best format of Cricket.",0.525,0.5,Positive,Neutral
53,": Lost against Australia (2017) âŒ
Lost against England (2021) âŒ

Team India has lost only 2 out of 30 Tests at home in Viratâ€¦",1.0,0.0,Neutral,Opinion
54,": Chase is clean bowled by Embuldeniya, Sri Lanka on top!

West Indies - 15/4 in the 11th over..  SLvWI

",0.6000000000000001,0.49583333333333335,Positive,Neutral
55,": INDvNZ 

Shreyas Iyer to make debut, spinners hold key

Check TeamIndia's predicted XI for the 1st Test against New Zeaâ€¦",0.7272727272727273,0.06818181818181818,Positive,Neutral
56,  No Sir it's not reminding GRV is part of Indian Cricket folklore his style of batting genâ€¦ ,0.0,0.0,Neutral,Fact
57,": Kanpur's Green Park had the unique distinction of
hosting - India's 500th Test match on 22-26 Sept 2016 (against New Zeaâ€¦",0.5848484848484848,0.10378787878787878,Positive,Neutral
58,"AjinkyaRahane was not amused with questions related to his poor form, insisting that concerns about his lean patchâ€¦ ",0.5,-0.2,Negative,Neutral
59,": Former Indian cricket captain &amp; BJP MP Gautam Gambhir has received death threat from 'ISIS Kashmir'

Why terrorists are planninâ€¦",0.0,0.0,Neutral,Fact
60,"Windies is very near to break the Indian record of 36 all-out.
Very bad news for India ğŸ˜±
SLvWI cricket ",0.6933333333333334,-0.3899999999999999,Negative,Neutral
61,": A very beautiful young lady
A rapper
A model
A dancer
A world cup
Art
A singer
SASKAY DUBAI TAKEOVER ",0.7,0.55,Positive,Neutral
62,: Test cricket is back in India from tomorrow - they will be playing 4 home Tests this season - 2 against New Zealand andâ€¦,0.22727272727272727,0.06818181818181818,Positive,Fact
63, Imagine Italy are not in the World Cup ğŸ¤£ğŸ¤£,0.0,0.0,Neutral,Fact
64,": Want Virat Kohli to play 5-6 years more and break Sachin tendulkar's record of 100 centuries, if this doesn't happens theâ€¦",0.5,0.5,Positive,Neutral
65,  _shayan_7 _Sayss  There is huge fanbase of football in india and you wilâ€¦ ,0.9,0.4000000000000001,Positive,Opinion
66," Sir please support cricket team also ğŸ™
They don't have a proper ground and also not getting any fund froâ€¦ ",0.1,0.0,Neutral,Fact
67,": Rohit Sharma has been playing more attacking shots in 2021 than in the last two years, and the rewards have been worth thâ€¦",0.2222222222222222,0.26666666666666666,Positive,Fact
68,": Monmouth School for Boys is among the best in the country for its cricket coaching, facilities and provision. 
We are delâ€¦",0.3,1.0,Positive,Neutral
69,"Rohit Sharma () and RahulDravid have formed a leadership team that is unassuming, but their tactics are aggâ€¦ ",0.0,0.0,Neutral,Fact
70,"If Qatarâ€™s non-commercial plans are achieved, it will then surely aim to become a regular major player in the sportâ€¦ ",0.48860398860398857,0.1875,Positive,Neutral
71,"Did you know,  provide opportunities to female athletes for not only AFL  but also Soccer, Cricket &amp;â€¦ ",0.5833333333333334,0.0,Neutral,Neutral
72,Thereâ€™ll be a few of the  family in attendance on  Saturday to cheer on the  as they takâ€¦ ,0.1,-0.2,Negative,Fact
73,"   India wants to see dawood ibrahim watching cricket match in Dubai, Vijay maâ€¦ ",0.1,0.2,Positive,Fact
74,"With much excitement and energy, the teams of Karnataka, Odisha, Andhra Pradesh &amp; Haryana reached the semi-finals.â€¦ ",0.2,0.2,Positive,Fact
75,_se_hai: Dear    either ensure transparency in selection in Bihar cricket or ban them again. Itâ€™s sad to see andâ€¦,1.0,-0.5,Negative,Opinion
76, With due respect I believe youâ€™re underestimating Kane and his team.. itâ€™s going to be very difficulâ€¦ ,0.3375,0.037500000000000006,Positive,Neutral
77,": Most goals scored at a single U-17 World Cup tournament:

â—‰ 10 - Victor Osimhen (2015)
â— 9 - Florent Sinama Pongolle (2001)
â—â€¦",0.35714285714285715,0.2142857142857143,Positive,Neutral
78,Playing 11 complete ğŸ¥³ğŸ¥°,0.4,0.1,Positive,Neutral
79,"__johnson: Tory Winter Ball:

Cricket with Rishi Sunak auctioned for Â£35k 

Karaoke with Liz Truss went for Â£22k

-And then Ministeâ€¦",0.0,0.0,Neutral,Fact
80, _robin I couldnâ€™t agree more Nick and hate to see that it is now widespread in village cricket buâ€¦ ,0.7,-0.15000000000000002,Negative,Neutral
81,Is cya ne apna comment section disable kar rakha h varna log iski itna marte ise Alexandar the Great(history) banaâ€¦ ,0.0,0.0,Neutral,Fact
82,": Former Indian cricket captain &amp; BJP MP Gautam Gambhir has received death threat from 'ISIS Kashmir'

Why terrorists are planninâ€¦",0.0,0.0,Neutral,Fact
83,": Last night 2 Tory donors paid:

Â£35k to play cricket with Rishi Sunak

Â£22k to sing Karaoke with Liz Truss

Oh, the philâ€¦",0.06666666666666667,0.0,Neutral,Fact
84,": â¡ï¸ICC rewarding Virat Kohli with biggest awards: 
ICC Men's Cricketer of the Decade
ICC Men's ODI Cricketer of the Decadeâ€¦",1.0,0.5,Positive,Opinion
85,"_femi Whoever you choose doesn't matter
We all know who's gonna be playing for   at the world cupğŸ˜‚",0.0,0.0,Neutral,Fact
86, _78      It's a start.  It looks like Skyâ€¦ ,0.0,0.0,Neutral,Fact
87,": Highest Test Average at Home:-
[min. 1500 runs]

98.2: Don Bradman
79.5: Rohit Sharma

RohitSharma INDvNZ",0.7,-0.45,Negative,Neutral
88,": The RBI is batting like Rohit Sharma &amp; Virat Kohli, bowling like Jasprit Bumrah &amp; Mohammed Shami together and fielding liâ€¦",0.0,0.0,Neutral,Fact
89,_cricket: Shreyas Iyer will become India's 303rd Cricketer to make debut In Test Cricket on tommorow.,0.0,0.0,Neutral,Fact
90,Tim Paine backed to 'show leadership in many different ways' t20 india T20WorldCup Cricket ind ,0.55,0.25,Positive,Neutral
91,": Unreal bc ğŸ¤¦â€â™‚ï¸ğŸ¤¦â€â™‚ï¸ğŸ¤¦â€â™‚ï¸
This video is of WC 2019 India vs England match where Rohit scored 100 and Virat was the captain .â€¦",0.0,0.0,Neutral,Fact
92,"SL vs WI 1st Test at Galle | Update | Day 4 - Stump
 
Sri Lanka needs just four more wickets to win the 1st Test maâ€¦ ",0.45,0.65,Positive,Neutral
93,Qatar used ex-CIA officer to spy on FIFA as it bid to host soccer WorldÂ Cup ,0.0,0.0,Neutral,Fact
94, I  hope you intend to BoycottQatar2022  they are using slave labour to build the stadiumsâ€¦ ,0.0,0.0,Neutral,Fact
95,: ğŸ‡³ğŸ‡± Mathieu van der Poel and ğŸ‡§ğŸ‡ª Wout van Aert will meet each other in 5 cyclocross races before the National Championshipsâ€¦,0.375,-0.125,Negative,Neutral
96,: Rohit Sharma moves to number 13 in the ICC T20 batsman ranking.,0.0,0.0,Neutral,Fact
97,: Goosebumps ğŸ”¥. National Anthem ğŸ‡®ğŸ‡³ in an inauguration of Cricket Tournament that too in Kashmir. This feeling is somethinâ€¦,0.0,0.0,Neutral,Fact
98,"_Lad: If Otamendi pulls up like this to Qatar, then Messi is winning the world cup",0.75,0.5,Positive,Opinion
99,: Two Norwegian journalists reporting in Qatar arrested â€” and released 36 hours later â€” while covering a year to go the Worldâ€¦,0.0,0.0,Neutral,Fact
100,": Never been a Bollywood fan, but  's movies are always top notch. Trialer looks awesome (á—’á—©á—•) , Really reaâ€¦",0.5666666666666667,0.5666666666666667,Positive,Neutral
101,: A Presidential Advisor who has no advice and obviously no hope of ever advising the President can easily get 1 billionâ€¦,0.6666666666666667,0.21666666666666667,Positive,Neutral
102,"â€˜Holistic cybersecurity approachâ€™ key to successful World Cup, says Kaspersky executive",0.975,0.375,Positive,Opinion
103,"Lungi Ngidi, Lizaad Williams ruled out of ODI series against the Netherlands ",0.0,0.0,Neutral,Fact
104,": Beauty in its own ğŸ˜

This beautiful sand art is installed at the Bhubaneswar Airport to celebrate the FIH Odisha Hockeyâ€¦",1.0,0.725,Positive,Opinion
105,"Pitch debate: Kohli says 'very good', Cook and Strauss disagree virat kohli india cricket ",0.7800000000000001,0.9099999999999999,Positive,Opinion
106,": ğŸ‡®ğŸ‡³ THE GABBA VICTORY
[ A THREAD ]

Australia ğŸ‡¦ğŸ‡º hadn't lost a test match at Gabba since 1988
The main reason, it's pitch,â€¦",0.3333333333333333,0.16666666666666666,Positive,Neutral
107,"Dimuth Karunaratne's Last 6 Test Innings:-

â€¢75
â€¢244
â€¢118
â€¢66
â€¢147
â€¢83

3 Hundreds, 3 Fifties - He is Simply amazinâ€¦ ",0.2119047619047619,0.0,Neutral,Fact
108,_cricket: I don't think we are the Favourites in this Test Series against India. The depth of Indian cricket is their strength. - Kâ€¦,0.0,0.0,Neutral,Fact
109,_cricket: I don't think we are the Favourites in this Test Series against India. The depth of Indian cricket is their strength. - Kâ€¦,0.0,0.0,Neutral,Fact
110,: Babar continues to be on top. Virat Kohli slips out of top 10 T20I batters after a long time. ,0.4666666666666666,0.31666666666666665,Positive,Neutral
111,: Pakistan Cricket Team set new record by becoming first team ever to win most T20 matches in single year. This is despiteâ€¦,0.45869408369408377,0.34415584415584416,Positive,Neutral
112," _264  ğŸ™„ğŸ™„ I like Rohit Sharma but Shikhar Dhawan is my favorite cricketer
I am a big fan of Shikhar Dhawan
ğŸ˜Œ",0.55,0.25,Positive,Neutral
113,": Here are some fascinating stats for IndvsNz. 

Share it with a friend who needs to see this!

nzvsind testcricket crickâ€¦",0.8500000000000001,0.875,Positive,Opinion
114,": I played competitive football, rugby &amp; cricket for 38 years. In the veterans teams I played in, many were not in the beâ€¦",0.5,0.5,Positive,Neutral
115,: Virat Kohli during the practice session at brabourne stadium Mumbai. ,0.0,0.0,Neutral,Fact
116,": Grateful to each and everyone for all the birthday wishes, calls and messages. Specially to my fansâ™¥ï¸

Huge thanks toâ€¦",0.5571428571428572,0.3190476190476191,Positive,Neutral
117,_49: I think his HS of 202 is against Australia in 2017 when they played a practice game.,0.4,-0.4,Negative,Neutral
118,India vs New Zealand 1st Test Live Streaming: When and where to watch IND vs NZ LiveÂ Online ,0.48484848484848486,0.13636363636363635,Positive,Neutral
119,: Okay. So the point of this biennial World Cup is that it would be used to fund football development. The question is FIFA aâ€¦,0.5,0.5,Positive,Neutral
120,India vs New Zealand: Indian players to watch out for | Cricket News â€“ Times ofÂ India ,0.45454545454545453,0.13636363636363635,Positive,Neutral
121,: Fifa football conference today for clubs and other â€œstakeholdersâ€ today. Another push for the biennial World Cup plan. Indeâ€¦,0.375,-0.125,Negative,Neutral
122,"***1977 Albums World Cup Tournament****

GROUP B (Group Stage)
Motorhead (Motorhead) 
_nufc
vs.
Pink Flag (Wiâ€¦ ",0.3,-0.1,Negative,Neutral
123," _  Even playing on is a great gesture in those circumstances.
Pulling out would bâ€¦ ",0.75,0.8,Positive,Opinion
124,"Rohit sharma being the full time captain of team india in t20i
rohitsharmafan rohithaitomamlafithai",0.55,0.35,Positive,Neutral
125,Virat Kohli in the Nets batting practice sessions. ,0.0,0.0,Neutral,Fact
126,Happy birthday,1.0,0.8,Positive,Opinion
127,Manchester United contacted Roberto Mancini in an attempt to make him their next manager and his answer was â€˜noâ€™. Hâ€¦ ,0.0,0.0,Neutral,Fact
128,_spidey: India has lost only 2 Test matches under Virat Kohli.!Since Virat became the Test captain India didn't lose any Test seriâ€¦,1.0,0.0,Neutral,Opinion
129,"_cricket: A Virat Kohli's fan Rahul Narain kanal gifted a art frame to Virat Kohli, and Virat also liked it and also thanked him foâ€¦",0.9,0.55,Positive,Opinion
130,"I spoke about AzeemRafiq and antisemitism in cricket on 's podcast:
 ",0.0,0.0,Neutral,Fact
131,Can you tell us in which year did the first Fifa world cup take place? TPIndia Football Question GuessTheYearâ€¦ ,0.3333333333333333,0.25,Positive,Neutral
132,Quote of the day: Donâ€™t ask difficult questions When in Arab countries!,1.0,-0.625,Negative,Opinion
133,Demountable stadium built with shipping containers reaches completion in Qatar ,0.0,0.0,Neutral,Fact
134,"Rohit
Babar Azam(C)
Fakhar Zaman/Virat
KL Rahul
Malik/Hafeez
Asif Ali/Pant
Harsanga
Rashid
Fiz
Shaheen
Bumrah

tbhâ€¦ ",0.0,0.0,Neutral,Fact
135,: Virat Kohli during the practice session at brabourne stadium Mumbai. ,0.0,0.0,Neutral,Fact
136,_cricket: Virat Kohli Practicing batting in the Nets in Mumbai ahead of the second Test match against New Zealand. ,0.22727272727272727,0.06818181818181818,Positive,Fact
137,â€œItâ€™s A Massive Blowâ€: Wasim Jaffer On KL Rahulâ€™s Injury Ahead Of NZ Test Series | CricketÂ News ,1.0,0.0,Neutral,Opinion
138,": Lendl Simmons on MS Dhoni

""Dhoni will be the captain and Wicket keeper of my All-time T20 XI Squad.""

 | MSDhoniâ€¦",0.0,0.0,Neutral,Fact
139,if they cant sing then what u heard on red velvet song? A cricket? ,0.0,0.0,Neutral,Fact
140,": Lost against Australia (2017) âŒ
Lost against England (2021) âŒ

Team India has lost only 2 out of 30 Tests at home in Viratâ€¦",1.0,0.0,Neutral,Opinion
141,": The RBI is batting like Rohit Sharma &amp; Virat Kohli, bowling like Jasprit Bumrah &amp; Mohammed Shami together and fielding liâ€¦",0.0,0.0,Neutral,Fact
142,": Virat Kohli in 2021:

- Out of top 5ï¸âƒ£ Test batters' rankings since Nov, 2016
- Lost No.1ï¸âƒ£ ODI rank to Babar Azam
- Sliâ€¦",0.7,-0.15000000000000002,Negative,Neutral
143,: Rohit Sharma as snakes thread ,0.0,0.0,Neutral,Fact
144,": Welcome to the family! ğŸ’™

RIL will own &amp; operate a team in the Emirates Cricket Board's upcoming UAE T20 League. ğŸ‡¦ğŸ‡ªğŸ

Read alâ€¦",0.95,0.8,Positive,Opinion
145,: Rohit Sharma moves to number 13 in the ICC T20 batsman ranking.,0.0,0.0,Neutral,Fact
146,jaspritbumrah dataanalysis cricket python cricketanalysis Impact of Jasprit Bumrah in Indiaâ€™s T20 cricket ,0.0,0.0,Neutral,Fact
147,": Lendl Simmons on MS Dhoni

""Dhoni will be the captain and Wicket keeper of my All-time T20 XI Squad.""

 | MSDhoniâ€¦",0.0,0.0,Neutral,Fact
148,": ğŸ‡®ğŸ‡³ THE GABBA VICTORY
[ A THREAD ]

Australia ğŸ‡¦ğŸ‡º hadn't lost a test match at Gabba since 1988
The main reason, it's pitch,â€¦",0.3333333333333333,0.16666666666666666,Positive,Neutral
149,": ğŸ”¸ MS Dhoni
ğŸ”¸ Virat Kohli
ğŸ”¸ Ravindra Jadeja
ğŸ”¸ Ravichandran Ashwin

The 4ï¸âƒ£ Indian players who have played 50+ matches in alâ€¦",0.0,0.0,Neutral,Fact
150,  Would help if any actually played cricket.,0.1,0.0,Neutral,Fact
151,": List of teams with 100-plus T20I wins. Cricket 

Pakistan - (115 wins)

End of list.",0.2,0.3,Positive,Fact
152,": Lost against Australia (2017) âŒ
Lost against England (2021) âŒ

Team India has lost only 2 out of 30 Tests at home in Viratâ€¦",1.0,0.0,Neutral,Opinion
153,Going to watch the match on mute,0.0,0.0,Neutral,Fact
154,": I played competitive football, rugby &amp; cricket for 38 years. In the veterans teams I played in, many were not in the beâ€¦",0.5,0.5,Positive,Neutral
155,"Once again, we are delighted to have been listed as part of â€™s Top UK cricket schools!ğŸ 

We are veâ€¦ ",0.6,0.6,Positive,Neutral
156,â€œItâ€™s A Massive Blowâ€: Wasim Jaffer On KL Rahulâ€™s Injury Ahead Of NZ Test Series | CricketÂ News ,1.0,0.0,Neutral,Opinion
157,"@_hypocaust: The existence of this guide, featuring a self-selected list of mostly fee-paying schools, says a lot about cricket in the Uâ€¦",0.5,0.5,Positive,Neutral
158, I was pretty satisfied with all the cricket crew halloween streams we were given,1.0,0.375,Positive,Opinion
159,: Babar continues to be on top. Virat Kohli slips out of top 10 T20I batters after a long time. ,0.4666666666666666,0.31666666666666665,Positive,Neutral
160,_: Arsenal winning UCL and Uganda qualifying would be enough for me tbh,0.625,0.25,Positive,Neutral
161,"Lendl Simmons on MS Dhoni

""Dhoni will be the captain and Wicket keeper of my All-time T20 XI Squad.""

 | MSDhoni | WhistlePodu",0.0,0.0,Neutral,Fact
162,: Two journalists from Norwegian state television were arrested and held for over 30 hours by security forces in Qatar without explanâ€¦,0.0,0.0,Neutral,Fact
163,": ğŸ‡®ğŸ‡³ THE GABBA VICTORY
[ A THREAD ]

Australia ğŸ‡¦ğŸ‡º hadn't lost a test match at Gabba since 1988
The main reason, it's pitch,â€¦",0.3333333333333333,0.16666666666666666,Positive,Neutral
164,": These Indian players were never given such ""KING"" titles even after incredible performances, and a lad who has just startedâ€¦",0.7,0.45,Positive,Neutral
165,": International centuries in the last 2 years since 24th November 2019. Cricket

1 - Yasir Shah (15 inns)
0 - Virat Kohâ€¦",0.03333333333333333,0.0,Neutral,Fact
166,Indian cricket team management will select batsman with good stroke making ability it test. And they will select 3-â€¦ ,0.6000000000000001,0.7,Positive,Neutral
167,": 24 November 1955. England cricket legend, Ian Botham, was born in Heswall, Cheshire. In Test cricket, he scored 14 centuriesâ€¦",0.0,0.0,Neutral,Fact
168,The Pakistan Cricket Team has entered the record books by becoming the First Team to win Most T20I matches in a sinâ€¦ ,0.5208333333333334,0.5,Positive,Neutral
169,_cricket: Shakib Al Hasan ruled out of the First Test match against Pakistan.,0.3333333333333333,0.25,Positive,Neutral
170,: ğŸš¨ It is a legal requirement for fans aged 18+ to produce an ğğ‡ğ’ ğ‚ğğ•ğˆğƒ ğ©ğšğ¬ğ¬ to attend Saturday's match at the ,0.30000000000000004,0.05,Positive,Neutral
171,_khen _freak_9  Beeter you go and play oh sorry you even don't know Abc of cricket we all are wrong you are genius ğŸ˜®,0.95,-0.5,Negative,Opinion
172,India vs New Zealand: Indian players to watch out for | Cricket News â€“ Times ofÂ India ,0.45454545454545453,0.13636363636363635,Positive,Neutral
173,": Lost against Australia (2017) âŒ
Lost against England (2021) âŒ

Team India has lost only 2 out of 30 Tests at home in Viratâ€¦",1.0,0.0,Neutral,Opinion
174,"_cricket: ""Shreyas Iyer and Jayant Yadav had an extended net sessions and Axar Patel doesn't bowl in the Nets Ahead of the First Teâ€¦",0.16666666666666666,0.125,Positive,Fact
175,: Babar Azam remains at the top of the T20I Batting Rankings whilst Mohammad Rizwan has moved up to the number 4 positioâ€¦,0.5,0.5,Positive,Neutral
176,: One month anniversary of arguably the greatest night ever as a Pakistan cricket fan.,1.0,1.0,Positive,Opinion
177,": Kane Williamson (in Press) said ""I don't think we are the favorites in the Test series - the depth of India cricket isâ€¦",0.0,0.0,Neutral,Fact
178,": next T20 WC, non captain kohli will score atleast 3 centuries and we will lift the world cup",0.0,0.0,Neutral,Fact
179,": ğŸ‡®ğŸ‡³ THE GABBA VICTORY
[ A THREAD ]

Australia ğŸ‡¦ğŸ‡º hadn't lost a test match at Gabba since 1988
The main reason, it's pitch,â€¦",0.3333333333333333,0.16666666666666666,Positive,Neutral
180,": India last lost a home Test series was in 2012, in this period India lost only two Tests at home - one of the legaciesâ€¦",0.5333333333333333,0.0,Neutral,Neutral
181,_cricket: Shreyas Iyer will become India's 303rd Cricketer to make debut In Test Cricket on tommorow.,0.0,0.0,Neutral,Fact
182,"_vohra: Ian Smith said, ""India have left out Virat Kohli and Rohit Sharma, it intrigues me actually that weâ€™re resting people iâ€¦",0.05,0.0,Neutral,Fact
183,_Chat: Great pleasure to host galaxy from  and from all leading think-tanks from G20   _schoâ€¦,0.75,0.8,Positive,Opinion
184,: The preparation of Virat Kohli going on at Mumbai ahead of the second Test. (Source - Mid Day) ,0.0,0.0,Neutral,Fact
185,Hafeez stepping down for Pak series in which he wont get paid (not centrally contracted) but will play T10 and LPLâ€¦ ,0.2694444444444445,-0.07777777777777779,Negative,Neutral
186,9 fielders in one frame ğŸğŸ˜,0.0,0.0,Neutral,Fact
187,: J&amp;K registered its second consecutive win in the ongoing Menâ€™s U-25 State A Trophy cricket tournament at Rajiv Gandhiâ€¦,0.2,0.4,Positive,Fact
188,"Great to have a chat with my old teammate â€¦ 

Talking all things world cup ğŸ† 

How ENGLAND conquered the Wâ€¦ ",0.475,0.45,Positive,Neutral
189,: Whilst some have tried to stir up trouble regarding the flags issue - the Bangladesh crowds have been very sporting anâ€¦,0.25,0.0,Neutral,Neutral
190,"_Jack_: Wow!! What's the AMAZING INVENTIONS OF SCIENCE ğŸ˜³
FOR
ğŸ˜± Masturbation!! Just relax your hand and give it a chance to masturbâ€¦",0.95,0.546875,Positive,Opinion
191,: Lack of political will?,0.1,0.0,Neutral,Fact
192,: Rohit Sharma moves to number 13 in the ICC T20 batsman ranking.,0.0,0.0,Neutral,Fact
193,"_chora: Dont say yourself a cricket freak, if you haven't tried to copy the bowling action of Legend Ashok Dinda in your childhooâ€¦",0.1,0.1,Positive,Fact
194,": ğŸš¨Exclusive interview with Odisha coach  ğŸš¨

â¡ï¸Challenges
â¡ï¸State of cricket in Odisha
â¡ï¸Promising players
â¡ï¸Visâ€¦",0.0,0.0,Neutral,Fact
195,Who all going to CCI tomorrow to meet Virat Kohli while he's practicing?,0.0,0.0,Neutral,Fact
196,"_SN: I dunno about you guys, but after all those months of T20 action, I just want to sit back and watch Umesh Yadav bowling onâ€¦",0.05,0.05,Positive,Fact
197,__za:  Bafana didnâ€™t fail to qualify they lost because they couldnâ€™t garner enough points to proceed to the World Câ€¦,0.39999999999999997,-0.25,Negative,Neutral
198,": Four Senior Players are likely to be on rest in T20 Home Series against West Indies.

PakvsWI",1.0,0.0,Neutral,Opinion
199,India vs New Zealand: Rahul Dravid becomes spinner in Team India Nets ahead of Kanpur Test. Watch | CricketÂ News ,0.45454545454545453,0.13636363636363635,Positive,Neutral
200,_rebelll Yes. Dhoni's first ever test match as a captain was on this ground - ended in less than 3 days,0.19999999999999998,0.04166666666666667,Positive,Fact
201,: Mohammad Rizwan and his beloved pillow arrived earlier in Chattogram BANvPAK Cricket ,0.75,0.35,Positive,Opinion
202,": 4. Prasidh Krishna induces edge off Rahane.
But as Sunil Gavaskar said, whenever he didn't feel good at nets his concentrâ€¦",0.6000000000000001,0.7,Positive,Neutral
203,: Virat Kohli during the practice session at brabourne stadium Mumbai. ,0.0,0.0,Neutral,Fact
204,: Pakistan Cricket Team set new record by becoming first team ever to win most T20 matches in single year. This is despiteâ€¦,0.45869408369408377,0.34415584415584416,Positive,Neutral
205,: jaspritbumrah dataanalysis cricket python cricketanalysis Impact of Jasprit Bumrah in Indiaâ€™s T20 cricket ,0.0,0.0,Neutral,Fact
206,: jaspritbumrah dataanalysis cricket python cricketanalysis Impact of Jasprit Bumrah in Indiaâ€™s T20 cricket ,0.0,0.0,Neutral,Fact
207,: jaspritbumrah dataanalysis cricket python cricketanalysis Impact of Jasprit Bumrah in Indiaâ€™s T20 cricket ,0.0,0.0,Neutral,Fact
208,: jaspritbumrah dataanalysis cricket python cricketanalysis Impact of Jasprit Bumrah in Indiaâ€™s T20 cricket ,0.0,0.0,Neutral,Fact
209,: Goosebumps ğŸ”¥. National Anthem ğŸ‡®ğŸ‡³ in an inauguration of Cricket Tournament that too in Kashmir. This feeling is somethinâ€¦,0.0,0.0,Neutral,Fact
210,": Only one makes it through to The Final... who ya got?

Adelaide, you won't wanna miss this! Get your tickets now ğŸŸ ",1.0,0.0,Neutral,Opinion
211,": Virat Kohli watching his Facebook memory - Two years ago, you made a century ",0.0,0.0,Neutral,Fact
212,"_vohra: Ian Smith said, ""India have left out Virat Kohli and Rohit Sharma, it intrigues me actually that weâ€™re resting people iâ€¦",0.05,0.0,Neutral,Fact
213,": Getting match ready ğŸ‘Œ ğŸ‘Œ

TeamIndia get into the groove for the first  INDvNZ Test in Kanpur ğŸ¥ ğŸ”½ ",0.41666666666666663,0.225,Positive,Neutral
214,The Grind is onğŸ”¥,0.0,0.0,Neutral,Fact
215,: Babar continues to be on top. Virat Kohli slips out of top 10 T20I batters after a long time. ,0.4666666666666666,0.31666666666666665,Positive,Neutral
216, God of cricket,0.0,0.0,Neutral,Fact
217, Cricket betting apps n u see the irony here!,0.0,0.0,Neutral,Fact
218,"Make sure you write right next time by the way I scored  9 goals in 4 Games in 2011( Not 8 Goals)
Thank you ",0.4748677248677248,0.2619047619047619,Positive,Neutral
219,: Kya Drama laga rakha hai Cricket Australia ne Captaincy ka bc ğŸ˜¤ğŸ˜¤ğŸ˜¤ğŸ˜­ğŸ˜­ also their media and past players are blowing up thiâ€¦,0.25,-0.25,Negative,Neutral
220, Values and principle? He assaulted someone in a World Cup final,1.0,0.0,Neutral,Opinion
221,": Kanpur's Green Park had the unique distinction of
hosting - India's 500th Test match on 22-26 Sept 2016 (against New Zeaâ€¦",0.5848484848484848,0.10378787878787878,Positive,Neutral
222,": Did you know,  provide opportunities to female athletes for not only AFL  but also Soccer, Cricket &amp; 8 ballâ€¦",0.5833333333333334,0.0,Neutral,Neutral
223,We Own Cricket .,1.0,0.6,Positive,Opinion
224,: Thereâ€™ll be a few of the  family in attendance on  Saturday to cheer on the  as they take on thâ€¦,0.1,-0.2,Negative,Fact
225,": â¡ï¸ICC rewarding Virat Kohli with biggest awards: 
ICC Men's Cricketer of the Decade
ICC Men's ODI Cricketer of the Decadeâ€¦",1.0,0.5,Positive,Opinion
226,": Mohammad Rizwan ""itâ€™s a medicated pillow which I use because being a wicketkeeper, thereâ€™s always a problem in the necâ€¦",0.0,0.0,Neutral,Fact
227,": Lost against Australia (2017) âŒ
Lost against England (2021) âŒ

Team India has lost only 2 out of 30 Tests at home in Viratâ€¦",1.0,0.0,Neutral,Opinion
228,Test cricket ain't dying.,0.0,0.0,Neutral,Fact
229,"   _rdc  What about Sir Viv swaggering to the wicket, Thomo thuâ€¦ ",0.0,0.0,Neutral,Fact
230,England Cricket Lot Of 3 Handsingned Team Photos Rare  ,0.9,0.3,Positive,Opinion
231,": Great to have a chat with my old teammate â€¦ 

Talking all things world cup ğŸ† 

How ENGLAND conquered the WORLD of T2â€¦",0.475,0.45,Positive,Neutral
232,_18: A Random Thread on Virat Kohli Performance in Icc Tournaments. ,0.5,-0.5,Negative,Neutral
233,"_NewDelhi: Thanks   for very interesting perspectives on T20 and scholar engagement

_Chat â€¦",0.42500000000000004,0.42500000000000004,Positive,Neutral
234,"Junior Hockey World Cup, India vs France: When and where to watch match, Live telecast, Live streaming, v - Times oâ€¦ ",0.5,0.13636363636363635,Positive,Neutral
235,"Match Preview - India vs New Zealand, New Zealand in India 2021/22, 1st Test -  ",0.45454545454545453,0.13636363636363635,Positive,Neutral
236,: Two journalists from Norwegian state television were arrested and held for over 30 hours by security forces in Qatar without explanâ€¦,0.0,0.0,Neutral,Fact
237,": Getting match ready ğŸ‘Œ ğŸ‘Œ

TeamIndia get into the groove for the first  INDvNZ Test in Kanpur ğŸ¥ ğŸ”½ ",0.41666666666666663,0.225,Positive,Neutral
238,": If England were to host the Womenâ€™s Rugby World Cup in 2025, it could take womenâ€™s rugby in England to another level.ğŸ‘‡ğŸ¾",0.0,0.0,Neutral,Fact
239,": Highest % of team runs for India in Tests at Home:-
[min. 1500 runs]

17.4% Rohit Sharma
16.2% Virat Kohli
16.1% Virendeâ€¦",1.0,-0.75,Negative,Opinion
240,": Kevin Chalker used to work for the CIA. Then he worked for the 2022 World Cup host Qatar to help spy on soccer officials, an  inâ€¦",0.0,0.0,Neutral,Fact
241,": I played competitive football, rugby &amp; cricket for 38 years. In the veterans teams I played in, many were not in the beâ€¦",0.5,0.5,Positive,Neutral
242,": Less than 12 months ago, Amanda-Jade Wellington took a break from cricket, it was all becoming too much. 

Tonight, she putâ€¦",0.37222222222222223,0.16111111111111112,Positive,Neutral
243,": ğŸ‡®ğŸ‡³ THE GABBA VICTORY
[ A THREAD ]

Australia ğŸ‡¦ğŸ‡º hadn't lost a test match at Gabba since 1988
The main reason, it's pitch,â€¦",0.3333333333333333,0.16666666666666666,Positive,Neutral
244,: Former cricketer and commentator Ian Smith is disappointed with India resting Rohit Sharma and Virat Kohli for the firstâ€¦,0.375,-0.375,Negative,Neutral
245,": Can Virat Kohli reach the top position in future?ğŸ¤”

ViratKohli SachinTendulkar RickyPonting INDvNZ ",0.5,0.5,Positive,Neutral
246,: One of the legacies of Virat Kohli as a Captain.  ,0.0,0.0,Neutral,Fact
247,"_samanta: Today is an iconic day in the history of Odisha - on one hand, the Shilanyas Ceremony of Shreemandira Parikrama Projecâ€¦",0.5,0.5,Positive,Neutral
248,"Watch: Sachin Tendulkar Shares Video Of Dog With ""Sharp Ball Catching Skills"" Playing Cricket  via ",0.825,0.2375,Positive,Opinion
249,"_in: If Qatarâ€™s non-commercial plans are achieved, it will then surely aim to become a regular major player in the sports eventâ€¦",0.48860398860398857,0.1875,Positive,Neutral
250,": International centuries in the last 2 years since 24th November 2019. Cricket

1 - Yasir Shah (15 inns)
0 - Virat Kohâ€¦",0.03333333333333333,0.0,Neutral,Fact
251,: Goosebumps ğŸ”¥. National Anthem ğŸ‡®ğŸ‡³ in an inauguration of Cricket Tournament that too in Kashmir. This feeling is somethinâ€¦,0.0,0.0,Neutral,Fact
252,"Dollar Academy featuring, once again, in the  Top ğŸ’¯ Cricket Schools. 

2021 was a bumper year for câ€¦ ",0.5,0.5,Positive,Neutral
253,": Virat Kohli has scored atleast 1 century in 7 out of last 10 series at home in Test Cricket.
Last time he went centuryâ€¦",0.06666666666666667,0.0,Neutral,Fact
254,"Ind vs NZ first Test | Spinners hold the key for India; Williamson, Taylor could prove tough toÂ crack ",0.7222222222222222,-0.0462962962962963,Negative,Neutral
255,": Virat Kohli in 2021:

- Out of top 5ï¸âƒ£ Test batters' rankings since Nov, 2016
- Lost No.1ï¸âƒ£ ODI rank to Babar Azam
- Sliâ€¦",0.7,-0.15000000000000002,Negative,Neutral
256,RIL subsidiary set to acquire franchise in ECBâ€™s UAE T20Â League ,0.0,0.0,Neutral,Fact
257,": Can Virat Kohli reach the top position in future?ğŸ¤”

ViratKohli SachinTendulkar RickyPonting INDvNZ ",0.5,0.5,Positive,Neutral
258,"Look this joker Uncle, discussion was about cricket only,this Chachu brought country,soldiers in between when his fâ€¦ ",0.0,0.0,Neutral,Fact
259,: The preparation of Virat Kohli going on at Mumbai ahead of the second Test. (Source - Mid Day) ,0.0,0.0,Neutral,Fact
260,_Sniper  _sidus Can you play Cricket? _Sniper,0.0,0.0,Neutral,Fact
261,": Getting match ready ğŸ‘Œ ğŸ‘Œ

TeamIndia get into the groove for the first  INDvNZ Test in Kanpur ğŸ¥ ğŸ”½ ",0.41666666666666663,0.225,Positive,Neutral
262,: Two journalists from Norwegian state television were arrested and held for over 30 hours by security forces in Qatar without explanâ€¦,0.0,0.0,Neutral,Fact
263,: One month anniversary of arguably the greatest night ever as a Pakistan cricket fan.,1.0,1.0,Positive,Opinion
264,Ind vs NZ first Test tough toÂ crack ,0.5833333333333334,-0.06944444444444445,Negative,Neutral
265,India vs New Zealand: Rahul Dravid Turns Spinner In Team India Nets Ahead Of Kanpur Test. Watch | CricketÂ News ,0.45454545454545453,0.13636363636363635,Positive,Neutral
266,â€œItâ€™s A Massive Blowâ€: Wasim Jaffer On KL Rahulâ€™s Injury Ahead Of NZ Test Series | CricketÂ News ,1.0,0.0,Neutral,Opinion
267,Was very delighted to see _Reicheâ€™s insightful interview on Qatar and their preparation for the Arab Cup andâ€¦ ,0.9099999999999999,0.9099999999999999,Positive,Opinion
268,â€œItâ€™s A Massive Blowâ€: Wasim Jaffer On KL Rahulâ€™s Injury Ahead Of NZ Test Series | CricketÂ News ,1.0,0.0,Neutral,Opinion
269,": Can Virat Kohli reach the top position in future?ğŸ¤”

ViratKohli SachinTendulkar RickyPonting INDvNZ ",0.5,0.5,Positive,Neutral
270,"INDIA won the same series on which they have scored 39/9- Just FYI  

veediki yanta cheppina yakkadâ€¦ ",0.125,0.0,Neutral,Fact
271,": Hindi Cricket Commentary is shit. Mostly they try to rhythm or go for one liners. PATHETIC. UNBEARABLE.
CricketTwitter 
Indâ€¦",0.7666666666666666,-0.2333333333333333,Negative,Opinion
272,Ronaldo has the most goals in the world cup?,0.5,0.5,Positive,Neutral
273,: Congratulations  on your appointment as the Acting Chairman of  You proved to be a great pâ€¦,0.375,0.4,Positive,Neutral
274,RIL subsidiary set to acquire franchise in ECBâ€™s UAE T20 League | Cricket News â€“ Times ofÂ India ,0.0,0.0,Neutral,Fact
275,"_cricket: ""Shreyas Iyer and Jayant Yadav had an extended net sessions and Axar Patel doesn't bowl in the Nets Ahead of the First Teâ€¦",0.16666666666666666,0.125,Positive,Fact
276,: You sure you want that booster?,0.8888888888888888,0.5,Positive,Opinion
277,T20 Rankings Thengayi Ga  ğŸ¥²,0.0,0.0,Neutral,Fact
278,": â¡ï¸ICC rewarding Virat Kohli with biggest awards: 
ICC Men's Cricketer of the Decade
ICC Men's ODI Cricketer of the Decadeâ€¦",1.0,0.5,Positive,Opinion
279,"FIFA World Cup 2022: UEFA Play-offs, Teams, Pot Draw Result, Explanation...  à¸œà¹ˆà¸²à¸™ ",0.0,0.0,Neutral,Fact
280,": International centuries in the last 2 years since 24th November 2019. Cricket

1 - Yasir Shah (15 inns)
0 - Virat Kohâ€¦",0.03333333333333333,0.0,Neutral,Fact
281,: One month anniversary of arguably the greatest night ever as a Pakistan cricket fan.,1.0,1.0,Positive,Opinion
282,"***1977 Albums World Cup Tournament****

GROUP D (Group Stage)
Low (David Bowie) 

vs.
Rattus Norvegicusâ€¦ ",0.3,0.0,Neutral,Neutral
283,: Conor Gallagher will be starting for England at the world cup if he continues to play like this. Bruno scores -or used toâ€¦,0.1,0.0,Neutral,Fact
284,": You might love this kiwi opener for No Look Sixes, but take a look at his blinder from  2014.

You can own this moment nowâ€¦",0.8,0.55,Positive,Opinion
285,": Most Test hundreds in SENA in a calendar year by Asian players

4 - Virat Kohli (2018)
4 - Virat Kohli (2014)
3 - Sachin/Gaâ€¦",0.25,0.25,Positive,Neutral
286,India vs New Zealand: Indian players to watch out for ,0.45454545454545453,0.13636363636363635,Positive,Neutral
287,": I played competitive football, rugby &amp; cricket for 38 years. In the veterans teams I played in, many were not in the beâ€¦",0.5,0.5,Positive,Neutral
288,: Can you tell us in which year did the first Fifa world cup take place? TPIndia Football Question GuessTheYear Emâ€¦,0.3333333333333333,0.25,Positive,Neutral
289,"_khan_18: â€¢ Most Runs since 2020
       (Runs/Inn | Avg)     
     
B Azam ğŸ‡µğŸ‡°     2410 / 54 | 48.20
M Rizwan ğŸ‡µğŸ‡° 2114 / 55  | 48.0â€¦",0.5,0.5,Positive,Neutral
290,:  Steve Smith banna chahiye logically to... How can a tearaway pacer like Cummins become a captain who plays allâ€¦,0.25,0.25,Positive,Neutral
291,": Rishabh Pant's comeback in International cricket. At 24, guy has seen all the highs and lows of his career

When the lights aâ€¦",0.0,0.0,Neutral,Fact
292,: Norway journalists arrested while working in World Cup host Qatar ,0.0,0.0,Neutral,Fact
293,"_45: Highest % of team runs for India in Tests at Home:-
[min. 1500 runs]

17.4% Rohit Sharma
16.2% Virat Kohli
16.1% Virender Sâ€¦",1.0,-0.75,Negative,Opinion
294,Qatar Hired Ex-CIA Officer to Spy on FIFA to Get World Cup Hosting Rights  ,0.0,0.0,Neutral,Fact
295,I letak job vacancy kat insta I. Pastu angah I reply. Current position minah kilang ğŸ¤£ Dasar T20,0.4,0.0,Neutral,Neutral
296,Muyise akabbo oba it's too late we can't make it,0.6,-0.3,Negative,Neutral
297,    I know this is just a beginning of good phase in Pakistâ€¦ ,0.6000000000000001,0.7,Positive,Neutral
298,"Weâ€™ve been selected as one of the Top100Schools by ! 

",0.0,0.0,Neutral,Fact
299,": Highest % of team runs for India in Tests at Home:-
[min. 1500 runs]

17.4% Rohit Sharma
16.2% Virat Kohli
16.1% Virendeâ€¦",1.0,-0.75,Negative,Opinion
300,": ğŸ“…!1 WEEK NOTICE!ğŸ“…
Donâ€™t forget if you are interested in care itâ€™s EXACTLY 1 week until our recruitment eventâ€¦ held at Somersâ€¦",0.375,0.25,Positive,Neutral
301,"_45: Highest % of team runs for India in Tests at Home:-
[min. 1500 runs]

17.4% Rohit Sharma
16.2% Virat Kohli
16.1% Virender Sâ€¦",1.0,-0.75,Negative,Opinion
302,": Only Saskay flowers ,Only Saskay Gifts, at the end of the day Saskay is the world cup of BBN shine ya eyes season 6 âœŒï¸",1.0,0.0,Neutral,Opinion
303,"But Malik is the only one that gets called selfish, if Malik wants to he could have easily gone and played T10, LPLâ€¦ ",0.7333333333333334,0.03333333333333334,Positive,Neutral
304,: ğŸš¨ It is a legal requirement for fans aged 18+ to produce an ğğ‡ğ’ ğ‚ğğ•ğˆğƒ ğ©ğšğ¬ğ¬ to attend Saturday's match at the ,0.30000000000000004,0.05,Positive,Neutral
305,"_18: Virat Kohli the LEADER, Virat Kohli the SPORTSMAN, MOMENTS OF BRILLIANCE!

(A THREAD)

RTs appreciated. Please support it isâ€¦",0.1,0.2,Positive,Fact
306,: Pat Cummins and Steve Smith were interviewed by Cricket Australia for deciding the next Australian Test captain. (Sourcâ€¦,0.0,0.0,Neutral,Fact
307,". showcased how far has he come by sharing two pictures with RahulDravid. INDvNZ 
",1.0,0.1,Positive,Opinion
308,"__18: Virat Kohli is the only player on this planet who can be called as Goat player in all format's Tests, ODIs, T20Is and IPâ€¦",1.0,0.0,Neutral,Opinion
309,: A Presidential Advisor who has no advice and obviously no hope of ever advising the President can easily get 1 billionâ€¦,0.6666666666666667,0.21666666666666667,Positive,Neutral
310,_: ğŸ‡µğŸ‡°ğŸ‘‘ Babar Azam reign in T20i continues! Meanwhile Virat Kohli is now not even in top ten of T20i batting rankings. Mohammadâ€¦,0.25,0.25,Positive,Neutral
311, Al Hilal Club waiting for you in the In the Club World CupğŸ˜‰ğŸ˜‰ğŸ˜‰,0.0,0.0,Neutral,Fact
312,What shame,0.0,0.0,Neutral,Fact
313,"_cricket: Virat Kohli slips at No.11 Position in the ICC T20I Batting Rankings. He missed the T20I Series against New Zealand, so tâ€¦",0.45454545454545453,0.13636363636363635,Positive,Neutral
314,": ğŸ‡®ğŸ‡³ THE GABBA VICTORY
[ A THREAD ]

Australia ğŸ‡¦ğŸ‡º hadn't lost a test match at Gabba since 1988
The main reason, it's pitch,â€¦",0.3333333333333333,0.16666666666666666,Positive,Neutral
315,: Dr Hilary say hardly affects anyone with side effects heâ€™s a bastard should be struck off,0.5416666666666666,-0.2916666666666667,Negative,Neutral
316,"Are we heading towards an era of 'ghost events' where, for reasons of ideological opposition, nobody turns-up to anâ€¦ ",0.0,0.0,Neutral,Fact
317,"Cricket Wireless Black Friday Deals (2021): Best Prepaid Cell Phones, Phone Plans &amp; More Sales Summarized by Save Bâ€¦ ",0.41111111111111115,0.4444444444444445,Positive,Neutral
318,   _morikawa  Bloody loved you taking about dashing to the cricâ€¦ ,0.8500000000000001,-0.050000000000000044,Negative,Opinion
319,Spratton Hall are a Top 50 Prep School for Cricket - AGAIN! We are bowled over to be included in  Schoâ€¦ ,0.5,0.625,Positive,Neutral
320,  Looks like it's all sports having this issue,0.0,0.0,Neutral,Fact
321,": List of teams with 100-plus T20I wins. Cricket 

Pakistan - (115 wins)

End of list.",0.2,0.3,Positive,Fact
322,": Virat KohliğŸ‡®ğŸ‡³ (last 30 t20I innings):
Runs - 1168 runs
Avg - 58.40
SR - 141.40

Babar AzamğŸ‡µğŸ‡° (last 30 t20I innings):
Runâ€¦",0.06666666666666667,0.0,Neutral,Fact
323,": It has been an incredible journey, but I have decided to retire from all cricket.

Ever since the back yard matches witâ€¦",0.45,0.45,Positive,Neutral
324,"this was fifa and many people were asking , if Olympics happen there then surely many countries will boycott it asâ€¦ ",0.5,0.5,Positive,Neutral
325,": 100 in 2nd innings as an ODI captain
100 in 1st innings as a Test captain
100 in 1st innings as a permanent ODI captainâ€¦",0.0,0.0,Neutral,Fact
326,": Reliance Industries Limited, owner of Mumbai Indians will own a franchise in UAE T20 league.",0.5714285714285714,0.2642857142857143,Positive,Neutral
327,: Virat Kohli - A role model for women cricketers. ,0.0,0.0,Neutral,Fact
328,": Spoke to the Tamil Nadu U19 team ahead of their campaign in the Cooch Behar Trophy 2021-22. Such an enthusiastic bunch,â€¦",0.7,0.3,Positive,Neutral
329,"âª 2010: World Cup bidders make their case at Leaders.

ğŸ”œ 2021: World Cup representatives speak at LeadersMeet to mâ€¦ ",0.0,0.0,Neutral,Fact
330,": Rohit Sharma is Greatest White Ball 
Player To Play This Game Of Cricket ğŸ”¥ ",0.4666666666666666,0.19999999999999998,Positive,Neutral
331,I'm in the running to WIN a retro Argentina World Cup shirt thanks to ! You can enter too:  competition win,0.3333333333333333,0.6166666666666667,Positive,Neutral
332,Biennial World Cup could cost leagues â‚¬8 billion ,0.0,0.0,Neutral,Fact
333,: A Presidential Advisor who has no advice and obviously no hope of ever advising the President can easily get 1 billionâ€¦,0.6666666666666667,0.21666666666666667,Positive,Neutral
334,: Thank You Harsha for sharing this beautiful film. Loved the way the struggles and hardships of both the father and daughtâ€¦,0.9,0.7749999999999999,Positive,Opinion
335,": ğŸ‡®ğŸ‡³ THE GABBA VICTORY
[ A THREAD ]

Australia ğŸ‡¦ğŸ‡º hadn't lost a test match at Gabba since 1988
The main reason, it's pitch,â€¦",0.3333333333333333,0.16666666666666666,Positive,Neutral
336,": 23/11/2019: Virat Kohli scored his 70th Intl century

71st century _____?ğŸ¤”

ViratKohli TeamIndia ",0.0,0.0,Neutral,Fact
337, y this sudden Virat Kohli hating fake behaviour ğŸ¤£,0.75,-0.25,Negative,Opinion
338,: Rohit Sharma's 264* and Sachin Tendulkar's 200* are those rare moments that should be converted to NFT. rario,0.9,0.3,Positive,Opinion
339,"_SN: I dunno about you guys, but after all those months of T20 action, I just want to sit back and watch Umesh Yadav bowling onâ€¦",0.05,0.05,Positive,Fact
340,ğŸtest cricket ğŸ’—,0.0,0.0,Neutral,Fact
341,": Virat Kohli &amp; Rohit Sharma share a special moment with a die-hard fan, 87-YO Charulata Patel.

ViratKohli INDvNZ

httpsâ€¦",0.5714285714285714,0.35714285714285715,Positive,Neutral
342,"We have 4 amazing prizes being drawn at our  Wrap party on Thursday 2nd December, all going up for silent auction!â€¦ ",0.3333333333333333,0.20000000000000004,Positive,Neutral
343," Blatters corruption led to this ""World Cup"" held by a small country that is otherwise not remotely suitable forâ€¦ ",0.575,-0.2625,Negative,Neutral
344,: TRUEâœ…  contacted Roberto Mancini for the job as new manager. Mancini said NO âŒ he said it is his duty to qualify withâ€¦,0.45454545454545453,0.13636363636363635,Positive,Neutral
345,"ğŸ‡µğŸ‡°Pakistan Four Senior Players are likely to be on rest in T20 Home Series against West Indies.

Hafeez
Malik 
Sarfâ€¦ ",1.0,0.0,Neutral,Opinion
346,:  | Keshav Maharaj: Proteas yet to meet CSA board over taking the knee for Dutch series ,0.0,0.0,Neutral,Fact
347,": -  won his third Man of the Series award yesterday ğŸ”¥

He's right up there with some of the legendary match winâ€¦",0.5119047619047619,0.42857142857142855,Positive,Neutral
348,": On This Day in 2019, at Kolkata. Virat Kohli scored his 70th intl 100 &amp; became the first Indian to score a 100 in Pinkâ€¦",0.3333333333333333,0.25,Positive,Neutral
349,": Kanpur's Green Park had the unique distinction of
hosting - India's 500th Test match on 22-26 Sept 2016 (against New Zeaâ€¦",0.5848484848484848,0.10378787878787878,Positive,Neutral
350,": Only 11 days more till the LPL tournament!

Which team are you rooting for? ğŸ˜

 LPL2021 LPLt20 à¶‘à¶šà·Šà·€à¶¢à¶ºà¶œà¶¸à·” ekwajayagamu  lplâ€¦",0.75,0.3125,Positive,Opinion
351,": Want Virat Kohli to play 5-6 years more and break Sachin tendulkar's record of 100 centuries, if this doesn't happens theâ€¦",0.5,0.5,Positive,Neutral
352,"Just 100 days to go until the ICC Women's Cricket World Cup 2022 begins ğŸ˜

 CWC22 ",0.0,0.0,Neutral,Fact
353,":    _rdc  What about Sir Viv swaggering to the wicket, Thomo thundeâ€¦",0.0,0.0,Neutral,Fact
354,"_Lad: If Otamendi pulls up like this to Qatar, then Messi is winning the world cup",0.75,0.5,Positive,Opinion
355,": Lost against Australia (2017) âŒ
Lost against England (2021) âŒ

Team India has lost only 2 out of 30 Tests at home in Viratâ€¦",1.0,0.0,Neutral,Opinion
356,": Two famous drives in Mumbai

1) Marine Drive. 
2) Virat Kohli 's cover Drive.ğŸ’¥ ",1.0,0.5,Positive,Opinion
357,Cricket ğŸ’ªğŸ¼,0.0,0.0,Neutral,Fact
358,": Truth be told â„™ğ•„   will make Pakistan famous all over the world ğŸŒğŸŒ
Won the Pollution World CupğŸ†
Congratulatâ€¦",1.0,0.5,Positive,Opinion
359,_: ğŸ‡µğŸ‡°ğŸ‘‘ Babar Azam reign in T20i continues! Meanwhile Virat Kohli is now not even in top ten of T20i batting rankings. Mohammadâ€¦,0.25,0.25,Positive,Neutral
360,: TRUEâœ…  contacted Roberto Mancini for the job as new manager. Mancini said NO âŒ he said it is his duty to qualify withâ€¦,0.45454545454545453,0.13636363636363635,Positive,Neutral
361,": Rishabh Pant's comeback in International cricket. At 24, guy has seen all the highs and lows of his career

When the lights aâ€¦",0.0,0.0,Neutral,Fact
362,_macp: ECB confirm that Troy Cooley has joined them in Brisbane as a bowling consultant. Cooley was England's bowling coach in thâ€¦,0.0,0.0,Neutral,Fact
363,India vs New Zealand: Rahul Dravid Turns Spinner In Team India Nets Ahead Of Kanpur Test.Â Watch ,0.45454545454545453,0.13636363636363635,Positive,Neutral
364,"_chora: Dont say yourself a cricket freak, if you haven't tried to copy the bowling action of Legend Ashok Dinda in your childhooâ€¦",0.1,0.1,Positive,Fact
365,_Chat: Great pleasure to host galaxy from  and from all leading think-tanks from G20   _schoâ€¦,0.75,0.8,Positive,Opinion
366,": TN MEMPHIS
ğŸ†˜ğŸ†˜STILL THERE Cricket 3yo girl Making huge progress as an office dog at shelter.Shelter spayed her &amp; prolapseâ€¦",0.9,0.4000000000000001,Positive,Opinion
367,": Rohit Sharma has been playing more attacking shots in 2021 than in the last two years, and the rewards have been worth thâ€¦",0.2222222222222222,0.26666666666666666,Positive,Fact
368,"__: Michael Vaughan will not have role in BBC's Ashes coverage or wider coverage of cricket ""at the moment"", due to the racisâ€¦",0.375,-0.125,Negative,Neutral
369,": Can Virat Kohli reach the top position in future?ğŸ¤”

ViratKohli SachinTendulkar RickyPonting INDvNZ ",0.5,0.5,Positive,Neutral
370,": Highest % of team runs for India in Tests at Home:-
[min. 1500 runs]

17.4% Rohit Sharma
16.2% Virat Kohli
16.1% Virendeâ€¦",1.0,-0.75,Negative,Opinion
371,: The preparation of Virat Kohli going on at Mumbai ahead of the second Test. (Source - Mid Day) ,0.0,0.0,Neutral,Fact
372,": Snake of indian cricket and indian dressing room!

The face.                   The real face ",0.30000000000000004,0.2,Positive,Neutral
373,": Ricky Ponting took 376 innings to score 41 international hundreds as captain. 
Virat Kohli did it only in 188 innings. Leâ€¦",0.5,0.0,Neutral,Neutral
374,"She: I Love Cricket
Le me* ",0.6,0.5,Positive,Neutral
375,India vs New Zealand: Rahul Dravid turns spinner in Team India Nets ahead of Kanpur Test. look | cricketÂ news ,0.45454545454545453,0.13636363636363635,Positive,Neutral
376,"""When I got my Cap and then went to the middle, Rohit Sharma bhai said to go there and expres myself and enjoy theâ€¦ ",0.25,0.2,Positive,Neutral
377,": I played competitive football, rugby &amp; cricket for 38 years. In the veterans teams I played in, many were not in the beâ€¦",0.5,0.5,Positive,Neutral
378,": Deaths from building WorldCup2022 stadiums - 6,500.
Deaths from racist tweets on social media- ZERO.
Where are your prioâ€¦",0.06666666666666667,0.03333333333333333,Positive,Fact
379,"_NewDelhi: ğŸ“ŒRIS brainstorming session T20 G20 

Professor  _info emphasizes on access and inclusion in T20 and highâ€¦",0.0,0.0,Neutral,Fact
380,Rohit Sharma T20 batting ranking is got boost and now he is comes to number 13 after fabulous batting performance iâ€¦ ,1.0,0.4,Positive,Opinion
381,"Played cricket ğŸ
Raised puppy for few months 
Had  Famous biryanis 
Boosted mental strength lil bit 
Didn't affecteâ€¦ ",0.43333333333333335,0.06666666666666667,Positive,Neutral
382,": ğŸ‡®ğŸ‡³ THE GABBA VICTORY
[ A THREAD ]

Australia ğŸ‡¦ğŸ‡º hadn't lost a test match at Gabba since 1988
The main reason, it's pitch,â€¦",0.3333333333333333,0.16666666666666666,Positive,Neutral
383,The Uganda Silverbacks will travel to Angola for the FIBA Africa World Cup Qualifiers after all. The government hasâ€¦ ,0.0,0.0,Neutral,Fact
384,: Funnily enough if you add this up you could buy a little flat in my constituency specifically for older people which whenâ€¦,0.3645833333333333,-0.011458333333333334,Negative,Neutral
385, World Cup is coming home in 2034! ğŸ†âš½,0.0,0.0,Neutral,Fact
386,"__: Michael Vaughan will not have role in BBC's Ashes coverage or wider coverage of cricket ""at the moment"", due to the racisâ€¦",0.375,-0.125,Negative,Neutral
387,":  I love u Virat KohliğŸ˜˜
Pls leave Anuskha and marry me ğŸ˜“",0.6,0.5,Positive,Neutral
388, He wasn't so happy when he won the World Cup.,1.0,0.8,Positive,Opinion
389,_2: Shoaib Malik has informed Babar Azam that he'll miss the T20 Series Against West Indies But But he has no plans to retâ€¦,0.0,0.0,Neutral,Fact
390,": Virat Kohli &amp; Rohit Sharma share a special moment with a die-hard fan, 87-YO Charulata Patel.

ViratKohli INDvNZ

httpsâ€¦",0.5714285714285714,0.35714285714285715,Positive,Neutral
391,_Shaw1: Super League on free-to-air TV is fantastic news. The sport needs exposure and Channel 4 will help provide it. Throw in the Woâ€¦,0.7833333333333333,0.3666666666666667,Positive,Opinion
392,"@_owurakuampofo: ğŸ‡¬ğŸ‡­ Happy Birthday Baby Jet _GYAN3

BBC African Footballer of the Year ğŸ†
Ghana Player of the Year x2 ğŸ†
CAF Teamâ€¦",0.5,0.4,Positive,Neutral
393,": OTD in 1976.  3-0 . A team full of 1974 World Cup winners, Harold Schumacher &amp; Bundesliga calendar yearâ€¦",0.55,0.35,Positive,Neutral
394,"_SN: I dunno about you guys, but after all those months of T20 action, I just want to sit back and watch Umesh Yadav bowling onâ€¦",0.05,0.05,Positive,Fact
395,": The only batsman to be in the top 10 rankings of international cricket council in all 3 formats. (T20Is No.1, ODIs No.â€¦",0.5,0.16666666666666666,Positive,Neutral
396,: Babar Azam replaced Virat Kohli while Mohammad Rizwan replaced Dhoni for the Most Dismissal in T20I as A Wicket keeper in aâ€¦,0.5,0.5,Positive,Neutral
397,: Cummins will get mentally drained if he is also handed captaincy. It will greatly cut short his career Iâ€™m afraid.,0.5375,0.025000000000000022,Positive,Neutral
398,"Join us today at 3pm GMT for our Virtual Series webinar in partnership with  , where we'll discuss how câ€¦ ",0.0,0.0,Neutral,Fact
399,"Two Italian greats.
Two players that are etched into World Cup history.
Paolo Rossi.
Roberto Baggio.
Who was betterâ€¦ ",0.0,0.0,Neutral,Fact
400,"India vs New Zealand: Indian players to watch out for 

Read ğŸ‘‰  

INDvsNZ INDvNZ ",0.45454545454545453,0.13636363636363635,Positive,Neutral
401,": Pakistan's PM ImranKhan was named the International Sports Personality, organisers of the Mohammed bin Rashid Al Maktouâ€¦",0.0,0.0,Neutral,Fact
402,": Manish Pandey FC nos: 91 mts, 6389 runs, avg 51, 19 centuries.

SKY FC nos: 77 mts, 5326 runs, avg 44, 14 centuries.

In an iâ€¦",0.0,0.0,Neutral,Fact
403,"6 years it took, sextortion is complicated!
To think Benzema will still represent France at the next World Cup andâ€¦ ",0.5,-0.3125,Negative,Neutral
404,"_notout: Indian Twitter users ...

Morning : Traders &amp; Investors
Afternoon : movie buff / film critic 
Evening : Cricket expertsâ€¦",0.0,0.0,Neutral,Fact
405,": Wow!! What's the AMAZING INVENTIONS OF SCIENCE ğŸ˜³
FOR
ğŸ˜± Masturbation!! Just relax your hand and give it a chance to masturbatâ€¦",0.95,0.546875,Positive,Opinion
406,: In the ICC T20I Bowling Rankings Hasan Ali has moved up 16 spots to Number 44 and Shadab Khan has climbed two spots toâ€¦,0.0,0.0,Neutral,Fact
407,"Ndera cricket
Help about equipment If you like ",0.0,0.0,Neutral,Fact
408,": Kanpur's Green Park had the unique distinction of
hosting - India's 500th Test match on 22-26 Sept 2016 (against New Zeaâ€¦",0.5848484848484848,0.10378787878787878,Positive,Neutral
409,": ğŸ‡®ğŸ‡³ THE GABBA VICTORY
[ A THREAD ]

Australia ğŸ‡¦ğŸ‡º hadn't lost a test match at Gabba since 1988
The main reason, it's pitch,â€¦",0.3333333333333333,0.16666666666666666,Positive,Neutral
410,": ğŸ‡®ğŸ‡³ ALL SET! IPL2022 will reportedly feature 10 teams and 74 games in all, and is scheduled to kick off at Chennai ğŸ˜

ğŸ“¸â€¦",0.0,0.0,Neutral,Fact
411,": Wow!! What's the AMAZING INVENTIONS OF SCIENCE ğŸ˜³
FOR
ğŸ˜± Masturbation!! Just relax your hand and give it a chance to masturbatâ€¦",0.95,0.546875,Positive,Opinion
412,": International centuries in the last 2 years since 24th November 2019. Cricket

1 - Yasir Shah (15 inns)
0 - Virat Kohâ€¦",0.03333333333333333,0.0,Neutral,Fact
413,   I don't think this s mathematically possible without sweeping the rest of Qualifâ€¦ ,1.0,0.0,Neutral,Opinion
414,"_fanclub: Most centuries since 2019 in International cricket

13 - Rohit Sharma ğŸ‘‘
11- Joe Root 
11- Babar Azam 
8 - David Warner 
7â€¦",0.25,0.25,Positive,Neutral
415,: What a journey. Al-shahbaz cricket club Larkana players welcomed  after his successful debut for Pakistâ€¦,0.95,0.75,Positive,Opinion
416,: A Presidential Advisor who has no advice and obviously no hope of ever advising the President can easily get 1 billionâ€¦,0.6666666666666667,0.21666666666666667,Positive,Neutral
417,"_YouTube: Two Italian greats.
Two players that are etched into World Cup history.
Paolo Rossi.
Roberto Baggio.
Who was better?

Hâ€¦",0.25,0.25,Positive,Neutral
418,": Former Indian cricket captain &amp; BJP MP Gautam Gambhir has received death threat from 'ISIS Kashmir'

Why terrorists are planninâ€¦",0.0,0.0,Neutral,Fact
419,boycott football world cup in Qatar,0.0,0.0,Neutral,Fact
420,": Former Indian cricket captain &amp; BJP MP Gautam Gambhir has received death threat from 'ISIS Kashmir'

Why terrorists are planninâ€¦",0.0,0.0,Neutral,Fact
421,":  I love u Virat KohliğŸ˜˜
Pls leave Anuskha and marry me ğŸ˜“",0.6,0.5,Positive,Neutral
422,Good bye  from top10 t20 better ğŸ˜‰,0.55,0.6,Positive,Neutral
423,"_ash1: Kitni flat pitches hoti thi uss time pe , teams used to score 700+ on regular basis. No wonder Sachin - Dravid have 50+ aveâ€¦",0.10096153846153846,-0.0125,Negative,Fact
424, I would say both coz it would take another ten years for India to win the World Cup given the current progression,0.26666666666666666,0.26666666666666666,Positive,Neutral
425,: Goosebumps ğŸ”¥. National Anthem ğŸ‡®ğŸ‡³ in an inauguration of Cricket Tournament that too in Kashmir. This feeling is somethinâ€¦,0.0,0.0,Neutral,Fact
426,_vohra: Dubai Cricket Council has proposed to host India Vs Pakistan games in future. (Reported by Khaleej Times).,0.125,0.0,Neutral,Fact
427,ğŸ˜­ğŸ˜­ğŸ˜­ğŸ˜­Joke of the decade .,0.0,0.0,Neutral,Fact
428,_Lage_Tumhe: This stare between Rahul Dravid and Shoaib Akhtar ğŸ”¥ğŸ¥µğŸ¥µ... Test cricket was at its best ... ,0.3,1.0,Positive,Neutral
429,: What a journey. Al-shahbaz cricket club Larkana players welcomed  after his successful debut for Pakistâ€¦,0.95,0.75,Positive,Opinion
430, Future cricket star of India âœ¨,0.125,0.0,Neutral,Fact
431,": Reliance Industries Limited, owner of Mumbai Indians will own a franchise in UAE T20 league.",0.5714285714285714,0.2642857142857143,Positive,Neutral
432,India vs New Zealand: Indian players to watch out for | Cricket News â€“ Times ofÂ India ,0.45454545454545453,0.13636363636363635,Positive,Neutral
433,: Virat Kohli didn't score any hundred in last 2 years  but he scored the 2nd most fifties in that period and still hasâ€¦,0.18888888888888888,0.16666666666666666,Positive,Fact
434,": Kane Williamson (in Press) said ""I don't think we are the favorites in the Test series - the depth of India cricket isâ€¦",0.0,0.0,Neutral,Fact
435,: Babar continues to be on top. Virat Kohli slips out of top 10 T20I batters after a long time. ,0.4666666666666666,0.31666666666666665,Positive,Neutral
436,Steve smith or virat kohli(in tests) ,0.0,0.0,Neutral,Fact
437," Rohit Sharma ğŸ

INDvsNZ  AmazonVoucher 
Contest NZvIND NewZealand 
TeamIndia  
Taggingâ€¦ ",0.0,0.0,Neutral,Fact
438,": Lost against Australia (2017) âŒ
Lost against England (2021) âŒ

Team India has lost only 2 out of 30 Tests at home in Viratâ€¦",1.0,0.0,Neutral,Opinion
439,": Virat KohliğŸ‡®ğŸ‡³ (last 30 t20I innings):
Runs - 1168 runs
Avg - 58.40
SR - 141.40

Babar AzamğŸ‡µğŸ‡° (last 30 t20I innings):
Runsâ€¦",0.06666666666666667,0.0,Neutral,Fact
440,_sport: Two Norwegian journalists investigating conditions for migrant workers in Qatar before the World Cup were arrested andâ€¦,0.0,0.0,Neutral,Fact
441,"_vats2  So hockey is played by aliens and kabadi ,snooker kind of stuff too? If these teams of botâ€¦ ",0.9,0.6,Positive,Opinion
442,": These Indian players were never given such ""KING"" titles even after incredible performances, and a lad who has just startedâ€¦",0.7,0.45,Positive,Neutral
443,": International centuries in the last 2 years since 24th November 2019. Cricket

1 - Yasir Shah (15 inns)
0 - Virat Kohâ€¦",0.03333333333333333,0.0,Neutral,Fact
444,_ After winning the world cup,0.75,0.5,Positive,Opinion
445,": ğŸ‡¦ğŸ‡º On this day in 2018,  won their fourth T20 World Cup ğŸ† ",0.0,0.0,Neutral,Fact
446,"_choklian: In tests 2021

Virat Kohli               Ashwin

15 innings                 10 innings
447 runs                   267â€¦",0.0,0.0,Neutral,Fact
447,: Virat Kohli during the practice session. ,0.0,0.0,Neutral,Fact
448,": Even after Steven Smith scoring ducks in his next 17 test innings, his avg will be higher than Joe Root, Kane Williamsonâ€¦",0.25,0.125,Positive,Neutral
449,": Reliance Industries Limited, owner of Mumbai Indians will own a franchise in UAE T20 league.",0.5714285714285714,0.2642857142857143,Positive,Neutral
450, Ratio from Virat Kohli (Right Arm Quick bowler) FansğŸ˜¼,0.5178571428571428,0.30952380952380953,Positive,Neutral
451,: I live in two Indias where unregulated crypto exchanges and gambling sites are allowed to advertise during world cup matcâ€¦,0.5,0.13636363636363635,Positive,Neutral
452,_ecstasy: Congratulations to team India after winning against new Zealand. Who is your favorite cricket player ,0.7348484848484849,0.37878787878787873,Positive,Neutral
453,": OnThisDay in 2019, Babar and Rizwan forged their first ğŸ’¯ stand together during the Brisbane Test against Australia ğŸ‘

Sinceâ€¦",0.3333333333333333,0.25,Positive,Neutral
454,   have released 3-4 podcasts since the DCMS hearing. All have been on the ashes and noâ€¦ ,0.0,0.0,Neutral,Fact
455,   Challenging  to play chess against Champion of  Zilliqa Chess Worlâ€¦ ,1.0,0.5,Positive,Opinion
456,_cricket: I don't think we are the Favourites in this Test Series against India. The depth of Indian cricket is their strength. - Kâ€¦,0.0,0.0,Neutral,Fact
457,": ğŸ‡®ğŸ‡³ THE GABBA VICTORY
[ A THREAD ]

Australia ğŸ‡¦ğŸ‡º hadn't lost a test match at Gabba since 1988
The main reason, it's pitch,â€¦",0.3333333333333333,0.16666666666666666,Positive,Neutral
458,": Most centuries as captain across formats:

41 - Virat Kohli
41 - Ricky Ponting
33 - Graeme Smith
20 - Steve Smith
19 - Mâ€¦",0.5,0.5,Positive,Neutral
459, T20 World Cup??,0.0,0.0,Neutral,Fact
460,": One of India's best has again called for a women's IPL WBBL07 
",0.3,1.0,Positive,Neutral
461,Mumbai Indians set to acquire team in UAE T20 League,0.0,0.0,Neutral,Fact
462," Rohit Sharma ğŸ

INDvsNZ  AmazonVoucher 
Contest NZvIND NewZealand 
TeamIndia  
Taggingâ€¦ ",0.0,0.0,Neutral,Fact
463, Al Hilal Club waiting for you in the  Club World CupğŸ˜‰ğŸ˜‰ğŸ˜‰ ,0.0,0.0,Neutral,Fact
464,": Lost against Australia (2017) âŒ
Lost against England (2021) âŒ

Team India has lost only 2 out of 30 Tests at home in Viratâ€¦",1.0,0.0,Neutral,Opinion
465,": Reliance Industries Limited, owner of Mumbai Indians will own a franchise in UAE T20 league.",0.5714285714285714,0.2642857142857143,Positive,Neutral
466,": ğŸ‡®ğŸ‡³ THE GABBA VICTORY
[ A THREAD ]

Australia ğŸ‡¦ğŸ‡º hadn't lost a test match at Gabba since 1988
The main reason, it's pitch,â€¦",0.3333333333333333,0.16666666666666666,Positive,Neutral
467," As champions, it seems right that England host the WomensRugby World Cup, the game also needs to bâ€¦ ",0.46785714285714286,-0.05714285714285716,Negative,Neutral
468,": Today we celebrate life of Lynda Oakley, a driving force of Ombersley Cricket Club. We would like to share our deepest and hearâ€¦",0.0,0.0,Neutral,Fact
469,"Know one thing.

Never it Virat Kohli and Ajinkya Rahane in same bracket.âœ

After that stat

All played one match aâ€¦ ",0.125,0.0,Neutral,Fact
470,As always Mohan  presents some unique facts about tomorrow's IndiaVsNewZealand Test at GreenPark Kaâ€¦ ,1.0,0.375,Positive,Opinion
471,Reliance to own a team in UAE-based T20Â league ,1.0,0.6,Positive,Opinion
472,": ğŸš¨ NEW EPISODE OUT NOW! ğŸš¨

""What time is Brunch?""

It's been another quiet week in the world of cricket... ğŸ˜³

- Finny is dâ€¦",0.3939393939393939,0.08522727272727272,Positive,Neutral
473,: Norway journalists arrested while working in World Cup host Qatar ,0.0,0.0,Neutral,Fact
474,": Rohit Sharma has been playing more attacking shots in 2021 than in the last two years, and the rewards have been worth thâ€¦",0.2222222222222222,0.26666666666666666,Positive,Fact
475, Virat kohli wow..i can,0.0,0.0,Neutral,Fact
476,_cricket: Virat Kohli in the Nets batting practice sessions. ,0.0,0.0,Neutral,Fact
477,": Getting match ready ğŸ‘Œ ğŸ‘Œ

TeamIndia get into the groove for the first  INDvNZ Test in Kanpur ğŸ¥ ğŸ”½ ",0.41666666666666663,0.225,Positive,Neutral
478,_Zain5: This innings by KING was justtt outstanding ğŸ˜ğŸ”¥ Ind vs Wi 2019 T20ğŸ”¥ this is the Virat we all knowğŸ¥ºğŸ”¥ Comeback soon king..weâ€¦,0.875,0.5,Positive,Opinion
479,: The preparation of Virat Kohli going on at Mumbai ahead of the second Test. (Source - Mid Day) ,0.0,0.0,Neutral,Fact
480,Michael Vaughan axed from BBC's Ashes team after fallout from cricket's racism scandal / _rumsby reports ,0.0,0.0,Neutral,Fact
481,RIL subsidiary set to acquire franchise in ECBâ€™s UAE T20 League | Cricket News â€“ Times ofÂ India ,0.0,0.0,Neutral,Fact
482,Michael Vaughan axed from BBC's Ashes team after fallout from cricket's racism scandal / _rumsby reports ,0.0,0.0,Neutral,Fact
483,: Mohammad Rizwan and his beloved pillow arrived earlier in Chattogram BANvPAK Cricket ,0.75,0.35,Positive,Opinion
484,some reason ğŸ˜‚ something stupid like the Bradford game a couple of years back. I think weâ€™ll win the Club World Cupâ€¦ ,0.44999999999999996,-0.09999999999999998,Negative,Neutral
485,Ind vs NZ first Test tough toÂ crack ,0.5833333333333334,-0.06944444444444445,Negative,Neutral
486,ğŸğŸ The latest report from the Cricket Shropshire presentation evening looks at the Coaching Award winners. Well donâ€¦ ,0.9,0.5,Positive,Opinion
487,: Thank You Harsha for sharing this beautiful film. Loved the way the struggles and hardships of both the father and daughtâ€¦,0.9,0.7749999999999999,Positive,Opinion
488,Thanks Dr YoseRizalDamuri  for joining us today and sharing Indonesian perspectives and priorities fâ€¦ ,0.2,0.2,Positive,Fact
489,: TRUEâœ…  contacted Roberto Mancini for the job as new manager. Mancini said NO âŒ he said it is his duty to qualify withâ€¦,0.45454545454545453,0.13636363636363635,Positive,Neutral
490,": ğŸ‡®ğŸ‡³ THE GABBA VICTORY
[ A THREAD ]

Australia ğŸ‡¦ğŸ‡º hadn't lost a test match at Gabba since 1988
The main reason, it's pitch,â€¦",0.3333333333333333,0.16666666666666666,Positive,Neutral
491,_Odisha: Wish the Indian junior hockey team all the best as they take on France in their opening match in the FIH Odisha Hockeyâ€¦,0.3,1.0,Positive,Neutral
492, Reason why non test match bowlers shouldn't be forced into A TEAMS,0.2,-0.30000000000000004,Negative,Fact
493,": OnThisDay in 2009

Umar Akmal, playing his first Test match, scored a brilliant century (129 off 160 balls) in the firâ€¦",0.6666666666666666,0.575,Positive,Neutral
494,": Getting match ready ğŸ‘Œ ğŸ‘Œ

TeamIndia get into the groove for the first  INDvNZ Test in Kanpur ğŸ¥ ğŸ”½ ",0.41666666666666663,0.225,Positive,Neutral
495,"  I am not impressed by your cricket.
Idiot ..shutup",0.9,-0.65,Negative,Opinion
496,"Autumn series provides glorious glimpse of what can be achieved if England stage 2025 World Cup, writesâ€¦ ",0.0,0.0,Neutral,Fact
497,    We are awaiting any recommendations from an independent heariâ€¦ ,0.125,0.0,Neutral,Fact
498,": I played competitive football, rugby &amp; cricket for 38 years. In the veterans teams I played in, many were not in the beâ€¦",0.5,0.5,Positive,Neutral
499,Why is nobody talking about Junior Hockey WorldÂ Cup? ,0.0,0.0,Neutral,Fact
